Source,Magnitude,Phase
"A[2,2]patch_horizontal1_1:1",0W,0deg
"A[2,3]patch_horizontal1_1:1",0W,0deg
"A[2,4]patch_horizontal1_1:1",0W,0deg
"A[2,6]patch_vertical1_1:1",1W,0deg
"A[2,7]patch_vertical1_1:1",1W,0deg
"A[2,8]patch_vertical1_1:1",1W,0deg
"A[3,2]patch_horizontal1_1:1",0W,0deg
"A[3,3]patch_horizontal1_1:1",0W,0deg
"A[3,4]patch_horizontal1_1:1",0W,0deg
"A[3,6]patch_vertical1_1:1",1W,0deg
"A[3,7]patch_vertical1_1:1",1W,0deg
"A[3,8]patch_vertical1_1:1",1W,0deg
"A[4,2]patch_horizontal1_1:1",0W,0deg
"A[4,3]patch_horizontal1_1:1",0W,0deg
"A[4,4]patch_horizontal1_1:1",0W,0deg
"A[4,6]patch_vertical1_1:1",1W,0deg
"A[4,7]patch_vertical1_1:1",1W,0deg
"A[4,8]patch_vertical1_1:1",1W,0deg
