Source,Magnitude,Phase
"A[1,1]1:1",ScanMag1*1,ScanPhase1 + (0*ScanPhaseShiftA + 0*ScanPhaseShiftB)
"A[1,1]2:1",ScanMag2*1,ScanPhase2 + (0*ScanPhaseShiftA + 0*ScanPhaseShiftB)
"A[1,2]1:1",ScanMag1*1,ScanPhase1 + (0*ScanPhaseShiftA + 1*ScanPhaseShiftB)
"A[1,2]2:1",ScanMag2*1,ScanPhase2 + (0*ScanPhaseShiftA + 1*ScanPhaseShiftB)
"A[1,3]1:1",ScanMag1*1,ScanPhase1 + (0*ScanPhaseShiftA + 2*ScanPhaseShiftB)
"A[1,3]2:1",ScanMag2*1,ScanPhase2 + (0*ScanPhaseShiftA + 2*ScanPhaseShiftB)
"A[1,4]1:1",ScanMag1*1,ScanPhase1 + (0*ScanPhaseShiftA + 3*ScanPhaseShiftB)
"A[1,4]2:1",ScanMag2*1,ScanPhase2 + (0*ScanPhaseShiftA + 3*ScanPhaseShiftB)
"A[2,1]1:1",ScanMag1*1,ScanPhase1 + (1*ScanPhaseShiftA + 0*ScanPhaseShiftB)
"A[2,1]2:1",ScanMag2*1,ScanPhase2 + (1*ScanPhaseShiftA + 0*ScanPhaseShiftB)
"A[2,2]1:1",ScanMag1*1,ScanPhase1 + (1*ScanPhaseShiftA + 1*ScanPhaseShiftB)
"A[2,2]2:1",ScanMag2*1,ScanPhase2 + (1*ScanPhaseShiftA + 1*ScanPhaseShiftB)
"A[2,3]1:1",ScanMag1*1,ScanPhase1 + (1*ScanPhaseShiftA + 2*ScanPhaseShiftB)
"A[2,3]2:1",ScanMag2*1,ScanPhase2 + (1*ScanPhaseShiftA + 2*ScanPhaseShiftB)
"A[2,4]1:1",ScanMag1*1,ScanPhase1 + (1*ScanPhaseShiftA + 3*ScanPhaseShiftB)
"A[2,4]2:1",ScanMag2*1,ScanPhase2 + (1*ScanPhaseShiftA + 3*ScanPhaseShiftB)
"A[3,1]1:1",ScanMag1*1,ScanPhase1 + (2*ScanPhaseShiftA + 0*ScanPhaseShiftB)
"A[3,1]2:1",ScanMag2*1,ScanPhase2 + (2*ScanPhaseShiftA + 0*ScanPhaseShiftB)
"A[3,2]1:1",ScanMag1*1,ScanPhase1 + (2*ScanPhaseShiftA + 1*ScanPhaseShiftB)
"A[3,2]2:1",ScanMag2*1,ScanPhase2 + (2*ScanPhaseShiftA + 1*ScanPhaseShiftB)
"A[3,3]1:1",ScanMag1*1,ScanPhase1 + (2*ScanPhaseShiftA + 2*ScanPhaseShiftB)
"A[3,3]2:1",ScanMag2*1,ScanPhase2 + (2*ScanPhaseShiftA + 2*ScanPhaseShiftB)
"A[3,4]1:1",ScanMag1*1,ScanPhase1 + (2*ScanPhaseShiftA + 3*ScanPhaseShiftB)
"A[3,4]2:1",ScanMag2*1,ScanPhase2 + (2*ScanPhaseShiftA + 3*ScanPhaseShiftB)
"A[4,1]1:1",ScanMag1*1,ScanPhase1 + (3*ScanPhaseShiftA + 0*ScanPhaseShiftB)
"A[4,1]2:1",ScanMag2*1,ScanPhase2 + (3*ScanPhaseShiftA + 0*ScanPhaseShiftB)
"A[4,2]1:1",ScanMag1*1,ScanPhase1 + (3*ScanPhaseShiftA + 1*ScanPhaseShiftB)
"A[4,2]2:1",ScanMag2*1,ScanPhase2 + (3*ScanPhaseShiftA + 1*ScanPhaseShiftB)
"A[4,3]1:1",ScanMag1*1,ScanPhase1 + (3*ScanPhaseShiftA + 2*ScanPhaseShiftB)
"A[4,3]2:1",ScanMag2*1,ScanPhase2 + (3*ScanPhaseShiftA + 2*ScanPhaseShiftB)
"A[4,4]1:1",ScanMag1*1,ScanPhase1 + (3*ScanPhaseShiftA + 3*ScanPhaseShiftB)
"A[4,4]2:1",ScanMag2*1,ScanPhase2 + (3*ScanPhaseShiftA + 3*ScanPhaseShiftB)
