Source,Magnitude,Phase
Antenna1_1_p1:1,ScanMag1*1,ScanPhase1 + (0*ScanPhaseShiftA + 0*ScanPhaseShiftB)
Antenna1_1_p2:1,ScanMag2*1,ScanPhase2 + (0*ScanPhaseShiftA + 0*ScanPhaseShiftB)
Antenna1_1_p3:1,ScanMag1*1,ScanPhase1 + (0*ScanPhaseShiftA + 1*ScanPhaseShiftB)
Antenna1_1_p4:1,ScanMag2*1,ScanPhase2 + (0*ScanPhaseShiftA + 1*ScanPhaseShiftB)
Antenna1_1_p5:1,ScanMag1*1,ScanPhase1 + (0*ScanPhaseShiftA + 2*ScanPhaseShiftB)
Antenna1_1_p6:1,ScanMag2*1,ScanPhase2 + (0*ScanPhaseShiftA + 2*ScanPhaseShiftB)
Antenna1_1_p7:1,ScanMag1*1,ScanPhase1 + (0*ScanPhaseShiftA + 3*ScanPhaseShiftB)
Antenna1_1_p8:1,ScanMag2*1,ScanPhase2 + (0*ScanPhaseShiftA + 3*ScanPhaseShiftB)
Antenna1_1_p9:1,ScanMag1*1,ScanPhase1 + (1*ScanPhaseShiftA + 0*ScanPhaseShiftB)
Antenna1_1_p10:1,ScanMag2*1,ScanPhase2 + (1*ScanPhaseShiftA + 0*ScanPhaseShiftB)
Antenna1_1_p11:1,ScanMag1*1,ScanPhase1 + (1*ScanPhaseShiftA + 1*ScanPhaseShiftB)
Antenna1_1_p12:1,ScanMag2*1,ScanPhase2 + (1*ScanPhaseShiftA + 1*ScanPhaseShiftB)
Antenna1_1_p13:1,ScanMag1*1,ScanPhase1 + (1*ScanPhaseShiftA + 2*ScanPhaseShiftB)
Antenna1_1_p14:1,ScanMag2*1,ScanPhase2 + (1*ScanPhaseShiftA + 2*ScanPhaseShiftB)
Antenna1_1_p15:1,ScanMag1*1,ScanPhase1 + (1*ScanPhaseShiftA + 3*ScanPhaseShiftB)
Antenna1_1_p16:1,ScanMag2*1,ScanPhase2 + (1*ScanPhaseShiftA + 3*ScanPhaseShiftB)
Antenna1_1_p17:1,ScanMag1*1,ScanPhase1 + (2*ScanPhaseShiftA + 0*ScanPhaseShiftB)
Antenna1_1_p18:1,ScanMag2*1,ScanPhase2 + (2*ScanPhaseShiftA + 0*ScanPhaseShiftB)
Antenna1_1_p19:1,ScanMag1*1,ScanPhase1 + (2*ScanPhaseShiftA + 1*ScanPhaseShiftB)
Antenna1_1_p20:1,ScanMag2*1,ScanPhase2 + (2*ScanPhaseShiftA + 1*ScanPhaseShiftB)
Antenna1_1_p21:1,ScanMag1*1,ScanPhase1 + (2*ScanPhaseShiftA + 2*ScanPhaseShiftB)
Antenna1_1_p22:1,ScanMag2*1,ScanPhase2 + (2*ScanPhaseShiftA + 2*ScanPhaseShiftB)
Antenna1_1_p23:1,ScanMag1*1,ScanPhase1 + (2*ScanPhaseShiftA + 3*ScanPhaseShiftB)
Antenna1_1_p24:1,ScanMag2*1,ScanPhase2 + (2*ScanPhaseShiftA + 3*ScanPhaseShiftB)
Antenna1_1_p25:1,ScanMag1*1,ScanPhase1 + (3*ScanPhaseShiftA + 0*ScanPhaseShiftB)
Antenna1_1_p26:1,ScanMag2*1,ScanPhase2 + (3*ScanPhaseShiftA + 0*ScanPhaseShiftB)
Antenna1_1_p27:1,ScanMag1*1,ScanPhase1 + (3*ScanPhaseShiftA + 1*ScanPhaseShiftB)
Antenna1_1_p28:1,ScanMag2*1,ScanPhase2 + (3*ScanPhaseShiftA + 1*ScanPhaseShiftB)
Antenna1_1_p29:1,ScanMag1*1,ScanPhase1 + (3*ScanPhaseShiftA + 2*ScanPhaseShiftB)
Antenna1_1_p30:1,ScanMag2*1,ScanPhase2 + (3*ScanPhaseShiftA + 2*ScanPhaseShiftB)
Antenna1_1_p31:1,ScanMag1*1,ScanPhase1 + (3*ScanPhaseShiftA + 3*ScanPhaseShiftB)
Antenna1_1_p32:1,ScanMag2*1,ScanPhase2 + (3*ScanPhaseShiftA + 3*ScanPhaseShiftB)
